sectionname,starttime,endtime,duration,responsetime,delta,condition,response,accuracy
FlankerStart_0,0.05998802185058594,7.859167098999023,7.7991790771484375,7.859167098999023,7.7991790771484375,,space,
Practice1_1,72.990718126297,74.7776050567627,1.7868869304656982,74.7776050567627,1.7868869304656982,left-inc,left,1
Practice1_2,74.8115611076355,75.31452798843384,0.5029668807983398,,,,,
Practice1_3,75.35265898704529,75.86082315444946,0.5081641674041748,,,,,
Practice1_4,75.894700050354,76.81076407432556,0.9160640239715576,76.81076407432556,0.9160640239715576,left-con,left,1
Practice1_5,76.84336996078491,77.34359312057495,0.5002231597900391,,,,,
Practice1_6,77.37753200531006,77.8818850517273,0.5043530464172363,,,,,
Practice1_7,77.91521501541138,78.77760314941406,0.8623881340026855,78.77760314941406,0.8623881340026855,left-con,left,1
Practice1_8,78.81009793281555,79.31017804145813,0.5000801086425781,,,,,
Practice1_9,79.34422993659973,79.84880995750427,0.504580020904541,,,,,
Practice1_10,79.88723516464233,80.66089415550232,0.7736589908599854,80.66089415550232,0.7736589908599854,left-neut,left,1
Practice1_11,80.69355201721191,81.21019697189331,0.5166449546813965,,,,,
Practice1_12,81.24425196647644,81.7445650100708,0.5003130435943604,,,,,
Practice1_13,81.77752900123596,82.7942271232605,1.0166981220245361,82.7942271232605,1.0166981220245361,left-con,left,1
Practice1_14,82.82682514190674,83.32686400413513,0.5000388622283936,,,,,
Practice1_15,83.36111497879028,83.87758493423462,0.5164699554443359,,,,,
Practice1_16,83.91103315353394,85.1944260597229,1.2833929061889648,85.1944260597229,1.2833929061889648,left-inc,left,1
Practice1_17,85.22689509391785,85.74354910850525,0.5166540145874023,,,,,
Practice1_18,85.77764916419983,86.29430913925171,0.5166599750518799,,,,,
Practice1_19,86.32771897315979,87.07776308059692,0.7500441074371338,87.07776308059692,0.7500441074371338,left-con,left,1
Practice1_20,87.11021614074707,87.6103241443634,0.500108003616333,,,,,
Practice1_21,87.64435195922852,88.16098594665527,0.5166339874267578,,,,,
Practice1_22,88.1990430355072,88.96546006202698,0.7664170265197754,88.96546006202698,0.7664170265197754,right-con,right,1
Practice1_23,88.99808406829834,89.510262966156,0.512178897857666,,,,,
Practice1_24,89.54435396194458,90.06102108955383,0.5166671276092529,,,,,
Practice1_25,90.09433102607727,91.04920101165771,0.9548699855804443,91.04920101165771,0.9548699855804443,left-neut,left,1
Practice1_26,91.08134508132935,91.59363913536072,0.5122940540313721,,,,,
Practice1_27,91.62773394584656,92.1278510093689,0.5001170635223389,,,,,
Practice1_28,92.18985795974731,93.22784900665283,1.0379910469055176,93.22784900665283,1.0379910469055176,right-inc,right,1
Practice1_29,93.26060914993286,93.77697205543518,0.5163629055023193,,,,,
Practice1_30,93.81106996536255,94.32782006263733,0.5167500972747803,,,,,
Practice1_31,94.36100101470947,94.91110515594482,0.5501041412353516,94.91110515594482,0.5501041412353516,left-neut,left,1
Practice1_32,94.9436399936676,95.44366812705994,0.500028133392334,,,,,
Practice1_33,95.47794604301453,95.99444508552551,0.5164990425109863,,,,,
Practice1_34,96.02794408798218,96.87789416313171,0.8499500751495361,96.87789416313171,0.8499500751495361,right-inc,right,1
Practice1_35,96.9103491306305,97.41036415100098,0.5000150203704834,,,,,
Practice1_36,97.44446301460266,97.94882106781006,0.5043580532073975,,,,,
Practice1_37,97.98201608657837,99.34459209442139,1.3625760078430176,99.34459209442139,1.3625760078430176,left-inc,left,1
Practice1_38,99.37716293334961,99.8937759399414,0.5166130065917969,,,,,
Practice1_39,99.93242502212524,100.44448804855347,0.5120630264282227,,,,,
Practice1_40,100.48235702514648,101.09448409080505,0.6121270656585693,101.09448409080505,0.6121270656585693,right-neut,right,1
Practice1_41,101.127032995224,101.62705302238464,0.5000200271606445,,,,,
Practice1_42,101.66134405136108,102.16555404663086,0.5042099952697754,,,,,
Practice1_43,102.19901704788208,103.01128005981445,0.812263011932373,103.01128005981445,0.812263011932373,right-inc,right,1
Practice1_44,103.0437331199646,103.54377913475037,0.5000460147857666,,,,,
Practice1_45,103.57786011695862,104.09455513954163,0.5166950225830078,,,,,
Practice1_46,104.12797904014587,105.17811107635498,1.0501320362091064,105.17811107635498,1.0501320362091064,left-inc,left,1
Practice1_47,105.21043705940247,105.7104549407959,0.5000178813934326,,,,,
Practice1_48,105.74452614784241,106.24469304084778,0.5001668930053711,,,,,
Practice1_49,106.2779791355133,106.98220014572144,0.7042210102081299,106.98220014572144,0.7042210102081299,left-inc,left,1
Practice1_50,107.01054811477661,107.52715301513672,0.5166049003601074,,,,,
Practice1_51,107.5612690448761,108.06139802932739,0.500128984451294,,,,,
Practice1_52,108.09454107284546,108.6945481300354,0.6000070571899414,108.6945481300354,0.6000070571899414,right-con,right,1
Practice1_53,108.72730994224548,109.24383997917175,0.5165300369262695,,,,,
Practice1_54,109.27794003486633,109.77811408042908,0.5001740455627441,,,,,
Practice1_55,109.81120610237122,110.47789692878723,0.6666908264160156,110.47789692878723,0.6666908264160156,right-con,right,1
Practice1_56,110.51050901412964,111.01069808006287,0.5001890659332275,,,,,
Practice1_57,111.04907608032227,111.5656349658966,0.5165588855743408,,,,,
Practice1_58,111.59908699989319,112.12794709205627,0.5288600921630859,112.12794709205627,0.5288600921630859,right-con,right,1
Practice1_59,112.16057109832764,112.66057896614075,0.5000078678131104,,,,,
Practice1_60,112.69466996192932,113.19481205940247,0.5001420974731445,,,,,
Practice1_61,113.22790002822876,113.99452495574951,0.766624927520752,113.99452495574951,0.766624927520752,left-con,left,1
Practice1_62,114.02715516090393,114.52721905708313,0.5000638961791992,,,,,
Practice1_63,114.5613329410553,115.06135296821594,0.5000200271606445,,,,,
Practice1_64,115.09464597702026,115.68241500854492,0.5877690315246582,115.68241500854492,0.5877690315246582,right-neut,right,1
Practice1_65,115.71469211578369,116.2271900177002,0.5124979019165039,,,,,
Practice1_66,116.26134610176086,116.76136803627014,0.5000219345092773,,,,,
Practice1_67,116.79480695724487,117.49484705924988,0.7000401020050049,117.49484705924988,0.7000401020050049,right-inc,right,1
Practice1_68,117.52727699279785,118.03176212310791,0.5044851303100586,,,,,
Practice1_69,118.06551194190979,118.57805013656616,0.5125381946563721,,,,,
Practice1_70,118.61147713661194,119.24472212791443,0.6332449913024902,119.24472212791443,0.6332449913024902,right-neut,right,1
Practice1_71,119.27731204032898,119.77734398841858,0.5000319480895996,,,,,
Practice1_72,119.81142902374268,120.31588411331177,0.5044550895690918,,,,,
Practice1_73,120.34925699234009,121.11155104637146,0.7622940540313721,121.11155104637146,0.7622940540313721,right-inc,right,1
Practice1_74,121.14399409294128,121.64414095878601,0.5001468658447266,,,,,
Practice1_75,121.67818903923035,122.19477915763855,0.5165901184082031,,,,,
Practice1_76,122.22806906700134,122.76141715049744,0.5333480834960938,122.76141715049744,0.5333480834960938,right-con,right,1
Practice1_77,122.79403305053711,123.29404807090759,0.5000150203704834,,,,,
Practice1_78,123.32812595367432,123.82814502716064,0.5000190734863281,,,,,
Practice1_79,123.86143112182617,124.37825298309326,0.5168218612670898,124.37825298309326,0.5168218612670898,right-neut,right,1
Practice1_80,124.4107129573822,124.91480112075806,0.5040881633758545,,,,,
Practice1_81,124.94945812225342,125.46148896217346,0.512030839920044,,,,,
Practice1_82,125.49479103088379,126.16148805618286,0.6666970252990723,126.16148805618286,0.6666970252990723,left-neut,left,1
Practice1_83,126.19408106803894,126.6941339969635,0.5000529289245605,,,,,
Practice1_84,126.72817611694336,127.2282919883728,0.5001158714294434,,,,,
Practice1_85,127.26148009300232,127.79506015777588,0.5335800647735596,127.79506015777588,0.5335800647735596,right-neut,right,1
Practice1_86,127.8274290561676,128.32745504379272,0.5000259876251221,,,,,
Practice1_87,128.36154413223267,128.86155796051025,0.5000138282775879,,,,,
Practice1_88,128.8948459625244,129.4282009601593,0.5333549976348877,129.4282009601593,0.5333549976348877,right-neut,right,1
Practice1_89,129.46085000038147,129.97760915756226,0.5167591571807861,,,,,
Practice1_0,130.01158213615417,130.52824211120605,0.5166599750518799,,,,,
Feedback1_0,130.562597990036,132.11086511611938,1.548267126083374,132.11086511611938,1.548267126083374,,space,1.0
Stim1_1,150.21158003807068,152.12848210334778,1.9169020652770996,152.12848210334778,1.9169020652770996,right-con,right,1
Stim1_2,152.16179513931274,152.66622114181519,0.5044260025024414,,,,,
Stim1_3,152.6996660232544,153.31179094314575,0.6121249198913574,153.31179094314575,0.6121249198913574,left-neut,left,1
Stim1_4,153.3451430797577,153.8452000617981,0.5000569820404053,,,,,
Stim1_5,153.87862014770508,154.67877101898193,0.8001508712768555,154.67877101898193,0.8001508712768555,left-inc,left,1
Stim1_6,154.7118570804596,155.21626996994019,0.5044128894805908,,,,,
Stim1_7,155.2453169822693,155.811870098114,0.5665531158447266,155.811870098114,0.5665531158447266,left-neut,left,1
Stim1_8,155.8452010154724,156.36188101768494,0.5166800022125244,,,,,
Stim1_9,156.39527106285095,156.9451940059662,0.5499229431152344,156.9451940059662,0.5499229431152344,right-neut,right,1
Stim1_10,156.9786069393158,157.49524211883545,0.5166351795196533,,,,,
Stim1_11,157.52849507331848,158.07857704162598,0.5500819683074951,158.07857704162598,0.5500819683074951,left-con,left,1
Stim1_12,158.11201405525208,158.62857103347778,0.516556978225708,,,,,
Stim1_13,158.66206192970276,159.36664700508118,0.704585075378418,159.36664700508118,0.704585075378418,left-inc,left,1
Stim1_14,159.39976906776428,159.91191601753235,0.5121469497680664,,,,,
Stim1_15,159.94535207748413,160.47861194610596,0.5332598686218262,160.47861194610596,0.5332598686218262,right-con,right,1
Stim1_16,160.51191401481628,161.0119390487671,0.5000250339508057,,,,,
Stim1_17,161.0452699661255,161.64539003372192,0.6001200675964355,161.64539003372192,0.6001200675964355,right-neut,right,1
Stim1_18,161.67857313156128,162.17879104614258,0.5002179145812988,,,,,
Stim1_19,162.21213912963867,162.7455620765686,0.5334229469299316,162.7455620765686,0.5334229469299316,left-con,left,1
Stim1_20,162.7786159515381,163.2786581516266,0.500042200088501,,,,,
Stim1_21,163.3120939731598,163.9833221435547,0.6712281703948975,163.9833221435547,0.6712281703948975,left-inc,left,1
Stim1_22,164.01612401008606,164.52870202064514,0.512578010559082,,,,,
Stim1_23,164.5619511604309,165.14532613754272,0.5833749771118164,165.14532613754272,0.5833749771118164,right-con,right,1
Stim1_24,165.17878198623657,165.69538807868958,0.5166060924530029,,,,,
Stim1_25,165.7286651134491,166.36652994155884,0.6378648281097412,166.36652994155884,0.6378648281097412,left-con,left,1
Stim1_26,166.39983296394348,166.9120490550995,0.5122160911560059,,,,,
Stim1_27,166.94550013542175,167.6788260936737,0.7333259582519531,167.6788260936737,0.7333259582519531,right-inc,right,1
Stim1_28,167.7119960784912,168.21204614639282,0.5000500679016113,,,,,
Stim1_29,168.24566411972046,169.06217908859253,0.8165149688720703,169.06217908859253,0.8165149688720703,left-inc,left,1
Stim1_30,169.09550404548645,169.61205911636353,0.5165550708770752,,,,,
Stim1_31,169.6453709602356,170.2120521068573,0.5666811466217041,170.2120521068573,0.5666811466217041,right-neut,right,1
Stim1_32,170.24552202224731,170.7497730255127,0.5042510032653809,,,,,
Stim1_33,170.7834529876709,171.47901511192322,0.6955621242523193,171.47901511192322,0.6955621242523193,right-inc,right,1
Stim1_34,171.5120620727539,172.01211094856262,0.5000488758087158,,,,,
Stim1_35,172.04548811912537,172.6954309940338,0.6499428749084473,172.6954309940338,0.6499428749084473,right-con,right,1
Stim1_36,172.72875714302063,173.22878003120422,0.5000228881835938,,,,,
Stim1_37,173.26205897331238,173.94541811943054,0.6833591461181641,173.94541811943054,0.6833591461181641,left-con,left,1
Stim1_38,173.97876811027527,174.47879910469055,0.5000309944152832,,,,,
Stim1_39,174.51224899291992,175.89561915397644,1.3833701610565186,175.89561915397644,1.3833701610565186,left-inc,left,1
Stim1_40,175.9287929534912,176.42888498306274,0.5000920295715332,,,,,
Stim1_41,176.4621000289917,177.04548811912537,0.583388090133667,177.04548811912537,0.583388090133667,right-con,right,1
Stim1_42,177.0788130760193,177.58316802978516,0.5043549537658691,,,,,
Stim1_43,177.61648893356323,178.24566197395325,0.6291730403900146,178.24566197395325,0.6291730403900146,left-con,left,1
Stim1_44,178.27882599830627,178.77885794639587,0.5000319480895996,,,,,
Stim1_45,178.81218314170837,179.429044008255,0.6168608665466309,179.429044008255,0.6168608665466309,right-con,right,1
Stim1_46,179.46241903305054,179.9788761138916,0.5164570808410645,,,,,
Stim1_47,180.0122561454773,180.7456750869751,0.7334189414978027,180.7456750869751,0.7334189414978027,right-inc,right,1
Stim1_48,180.77883410453796,181.27887296676636,0.5000388622283936,,,,,
Stim1_49,181.31232500076294,182.27913212776184,0.9668071269989014,182.27913212776184,0.9668071269989014,left-inc,left,1
Stim1_50,182.3122079372406,182.81226897239685,0.50006103515625,,,,,
Stim1_51,182.845685005188,183.629408121109,0.7837231159210205,183.629408121109,0.7837231159210205,right-inc,right,1
Stim1_52,183.6624391078949,184.1667239665985,0.5042848587036133,,,,,
Stim1_53,184.20005106925964,184.879075050354,0.6790239810943604,184.879075050354,0.6790239810943604,right-inc,right,1
Stim1_54,184.9122531414032,185.41225910186768,0.5000059604644775,,,,,
Stim1_55,185.44552898406982,186.16670203208923,0.7211730480194092,186.16670203208923,0.7211730480194092,right-neut,right,1
Stim1_56,186.19995999336243,186.71228098869324,0.5123209953308105,,,,,
Stim1_57,186.74555706977844,187.32897400856018,0.5834169387817383,187.32897400856018,0.5834169387817383,left-neut,left,1
Stim1_58,187.3622751235962,187.86230516433716,0.5000300407409668,,,,,
Stim1_59,187.89557194709778,188.4834849834442,0.5879130363464355,188.4834849834442,0.5879130363464355,left-con,left,1
Stim1_60,188.5164589881897,189.0289969444275,0.512537956237793,,,,,
Stim1_61,189.06228709220886,189.69565296173096,0.6333658695220947,189.69565296173096,0.6333658695220947,right-neut,right,1
Stim1_62,189.72895908355713,190.22901511192322,0.5000560283660889,,,,,
Stim1_63,190.26244592666626,190.76687002182007,0.5044240951538086,190.76687002182007,0.5044240951538086,left-neut,left,1
Stim1_64,190.8000030517578,191.31249904632568,0.5124959945678711,,,,,
Stim1_65,191.34564113616943,191.86233711242676,0.5166959762573242,191.86233711242676,0.5166959762573242,right-neut,right,1
Stim1_66,191.89566707611084,192.39570212364197,0.5000350475311279,,,,,
Stim1_67,192.42896795272827,192.96694707870483,0.5379791259765625,192.96694707870483,0.5379791259765625,left-con,left,1
Stim1_68,193.00029802322388,193.5123691558838,0.5120711326599121,,,,,
Stim1_69,193.5456781387329,194.06235003471375,0.516671895980835,194.06235003471375,0.516671895980835,left-neut,left,1
Stim1_70,194.09570598602295,194.59573793411255,0.5000319480895996,,,,,
Stim1_71,194.62896394729614,195.20028114318848,0.571317195892334,195.20028114318848,0.571317195892334,left-con,left,1
Stim1_72,195.23364400863647,195.74571013450623,0.512066125869751,,,,,
Stim1_73,195.7790060043335,196.3123540878296,0.5333480834960938,196.3123540878296,0.5333480834960938,left-con,left,1
Stim1_74,196.34571194648743,196.84576892852783,0.5000569820404053,,,,,
Stim1_75,196.87904810905457,197.41691398620605,0.5378658771514893,197.41691398620605,0.5378658771514893,right-con,right,1
Stim1_76,197.45029616355896,197.96243906021118,0.5121428966522217,,,,,
Stim1_77,197.99602603912354,198.64592003822327,0.6498939990997314,198.64592003822327,0.6498939990997314,right-inc,right,1
Stim1_78,198.67910504341125,199.17910814285278,0.5000030994415283,,,,,
Stim1_79,199.2125861644745,199.91256403923035,0.6999778747558594,199.91256403923035,0.6999778747558594,right-inc,right,1
Stim1_80,199.94576811790466,200.44582605361938,0.5000579357147217,,,,,
Stim1_81,200.47919297218323,201.07910299301147,0.5999100208282471,201.07910299301147,0.5999100208282471,right-con,right,1
Stim1_82,201.11245894432068,201.61250710487366,0.5000481605529785,,,,,
Stim1_83,201.64583110809326,202.21247005462646,0.5666389465332031,202.21247005462646,0.5666389465332031,right-con,right,1
Stim1_84,202.24581503868103,202.745854139328,0.5000391006469727,,,,,
Stim1_85,202.77914595603943,203.42910504341125,0.6499590873718262,203.42910504341125,0.6499590873718262,left-neut,left,1
Stim1_86,203.46244406700134,203.9670569896698,0.504612922668457,,,,,
Stim1_87,204.00014209747314,204.7291760444641,0.7290339469909668,204.7291760444641,0.7290339469909668,left-con,left,1
Stim1_88,204.76253414154053,205.2625961303711,0.5000619888305664,,,,,
Stim1_89,205.29601216316223,205.9460301399231,0.6500179767608643,205.9460301399231,0.6500179767608643,right-inc,right,1
Stim1_90,205.97918701171875,206.48359513282776,0.5044081211090088,,,,,
Stim1_91,206.51264595985413,207.12937092781067,0.616724967956543,207.12937092781067,0.616724967956543,right-inc,right,1
Stim1_92,207.1626889705658,207.67920994758606,0.5165209770202637,,,,,
Stim1_93,207.71252012252808,208.33337116241455,0.6208510398864746,208.33337116241455,0.6208510398864746,right-neut,right,1
Stim1_94,208.36692094802856,208.8793749809265,0.5124540328979492,,,,,
Stim1_95,208.91253113746643,209.46255803108215,0.5500268936157227,209.46255803108215,0.5500268936157227,left-con,left,1
Stim1_96,209.49589800834656,209.99593806266785,0.5000400543212891,,,,,
Stim1_97,210.0293390750885,210.8672981262207,0.8379590511322021,210.8672981262207,0.8379590511322021,left-inc,left,1
Stim1_98,210.90061497688293,211.41258597373962,0.5119709968566895,,,,,
Stim1_99,211.44617414474487,212.12942814826965,0.6832540035247803,212.12942814826965,0.6832540035247803,left-inc,left,1
Stim1_100,212.16260600090027,212.66264295578003,0.5000369548797607,,,,,
Stim1_101,212.69595909118652,213.32924604415894,0.6332869529724121,213.32924604415894,0.6332869529724121,left-con,left,1
Stim1_102,213.36277508735657,213.8792941570282,0.5165190696716309,,,,,
Stim1_103,213.91259908676147,214.52927494049072,0.616675853729248,214.52927494049072,0.616675853729248,right-con,right,1
Stim1_104,214.56264400482178,215.06719493865967,0.5045509338378906,,,,,
Stim1_105,215.10064697265625,215.79608798027039,0.6954410076141357,215.79608798027039,0.6954410076141357,right-inc,right,1
Stim1_106,215.82932209968567,216.32949113845825,0.500169038772583,,,,,
Stim1_107,216.362802028656,217.06281995773315,0.7000179290771484,217.06281995773315,0.7000179290771484,right-inc,right,1
Stim1_108,217.0961000919342,217.60038709640503,0.5042870044708252,,,,,
Stim1_109,217.63369607925415,218.2127001285553,0.5790040493011475,218.2127001285553,0.5790040493011475,left-neut,left,1
Stim1_110,218.24601411819458,218.7460560798645,0.5000419616699219,,,,,
Stim1_111,218.77936005592346,219.36272311210632,0.5833630561828613,219.36272311210632,0.5833630561828613,left-neut,left,1
Stim1_112,219.39604115486145,219.90043306350708,0.5043919086456299,,,,,
Stim1_113,219.93372201919556,220.46273493766785,0.52901291847229,220.46273493766785,0.52901291847229,right-neut,right,1
Stim1_114,220.4960651397705,220.99610209465027,0.5000369548797607,,,,,
Stim1_115,221.0293779373169,221.67942309379578,0.6500451564788818,221.67942309379578,0.6500451564788818,left-neut,left,1
Stim1_116,221.7127389907837,222.21711993217468,0.5043809413909912,,,,,
Stim1_117,222.25076007843018,222.8961009979248,0.6453409194946289,222.8961009979248,0.6453409194946289,left-con,left,1
Stim1_118,222.92940592765808,223.42947506904602,0.5000691413879395,,,,,
Stim1_119,223.46275210380554,224.01278710365295,0.5500349998474121,224.01278710365295,0.5500349998474121,right-neut,right,1
Stim1_120,224.0460970401764,224.54612612724304,0.5000290870666504,,,,,
Stim1_121,224.57942414283752,225.27947402000427,0.700049877166748,225.27947402000427,0.700049877166748,left-neut,left,1
Stim1_122,225.31279301643372,225.81281995773315,0.5000269412994385,,,,,
Stim1_123,225.84608697891235,226.53398299217224,0.6878960132598877,226.53398299217224,0.6878960132598877,right-con,right,1
Stim1_124,226.56731700897217,227.07950496673584,0.5121879577636719,,,,,
Stim1_125,227.112802028656,227.64619898796082,0.5333969593048096,227.64619898796082,0.5333969593048096,left-neut,left,1
Stim1_126,227.67948698997498,228.1795151233673,0.500028133392334,,,,,
Stim1_127,228.21280002593994,228.75071001052856,0.537909984588623,228.75071001052856,0.537909984588623,right-con,right,1
Stim1_128,228.78401613235474,229.29620814323425,0.5121920108795166,,,,,
Stim1_129,229.32947897911072,229.94615602493286,0.6166770458221436,229.94615602493286,0.6166770458221436,left-con,left,1
Stim1_130,229.9795150756836,230.47952795028687,0.5000128746032715,,,,,
Stim1_131,230.5128059387207,231.14629006385803,0.6334841251373291,231.14629006385803,0.6334841251373291,left-con,left,1
Stim1_132,231.17951893806458,231.67954206466675,0.5000231266021729,,,,,
Stim1_133,231.71298694610596,232.3128719329834,0.5998849868774414,232.3128719329834,0.5998849868774414,right-neut,right,1
Stim1_134,232.34622311592102,232.8462269306183,0.5000038146972656,,,,,
Stim1_135,232.87950897216797,233.5462510585785,0.6667420864105225,233.5462510585785,0.6667420864105225,right-con,right,1
Stim1_136,233.57956099510193,234.0795919895172,0.5000309944152832,,,,,
Stim1_137,234.11301493644714,234.82968616485596,0.7166712284088135,234.82968616485596,0.7166712284088135,left-inc,left,1
Stim1_138,234.86292600631714,235.3673050403595,0.5043790340423584,,,,,
Stim1_139,235.4006450176239,235.9296190738678,0.5289740562438965,235.9296190738678,0.5289740562438965,right-neut,right,1
Stim1_140,235.963073015213,236.47962307929993,0.5165500640869141,,,,,
Stim1_141,236.51303911209106,237.17975902557373,0.666719913482666,237.17975902557373,0.666719913482666,right-inc,right,1
Stim1_142,237.21299004554749,237.71732211112976,0.5043320655822754,,,,,
Stim1_143,237.7506721019745,238.34630298614502,0.5956308841705322,238.34630298614502,0.5956308841705322,left-neut,left,1
Stim1_144,238.37961506843567,238.87966513633728,0.5000500679016113,,,,,
Stim1_145,238.91325211524963,239.63433194160461,0.7210798263549805,239.63433194160461,0.7210798263549805,right-inc,right,1
Stim1_146,239.66751194000244,240.17969608306885,0.5121841430664062,,,,,
Stim1_147,240.21311712265015,240.91323614120483,0.7001190185546875,240.91323614120483,0.7001190185546875,right-inc,right,1
Stim1_148,240.94633412361145,241.4463860988617,0.5000519752502441,,,,,
Stim1_149,241.47962594032288,242.11751103401184,0.6378850936889648,242.11751103401184,0.6378850936889648,left-con,left,1
Stim1_150,242.15088510513306,242.6630790233612,0.5121939182281494,,,,,
Stim1_151,242.6963460445404,243.27969908714294,0.5833530426025391,243.27969908714294,0.5833530426025391,right-neut,right,1
Stim1_152,243.31317496299744,243.82973194122314,0.516556978225708,,,,,
Stim1_153,243.86316514015198,244.52984499931335,0.666679859161377,244.52984499931335,0.666679859161377,left-inc,left,1
Stim1_154,244.56304812431335,245.0632300376892,0.5001819133758545,,,,,
Stim1_155,245.09652709960938,245.72990202903748,0.6333749294281006,245.72990202903748,0.6333749294281006,right-inc,right,1
Stim1_156,245.76304006576538,246.2841830253601,0.5211429595947266,,,,,
Stim1_157,246.31737112998962,246.94639205932617,0.6290209293365479,246.94639205932617,0.6290209293365479,right-con,right,1
Stim1_158,246.97975516319275,247.47981810569763,0.5000629425048828,,,,,
Stim1_159,247.5132429599762,248.1965651512146,0.6833221912384033,248.1965651512146,0.6833221912384033,left-inc,left,1
Stim1_160,248.22977113723755,248.73416304588318,0.5043919086456299,,,,,
Stim1_161,248.76762795448303,249.36313009262085,0.5955021381378174,249.36313009262085,0.5955021381378174,right-neut,right,1
Stim1_162,249.39645314216614,249.89650201797485,0.5000488758087158,,,,,
Stim1_163,249.92994904518127,250.59664607048035,0.6666970252990723,250.59664607048035,0.6666970252990723,right-inc,right,1
Stim1_164,250.62980699539185,251.13000106811523,0.5001940727233887,,,,,
Stim1_165,251.16327214241028,251.81334900856018,0.6500768661499023,251.81334900856018,0.6500768661499023,left-inc,left,1
Stim1_166,251.8464879989624,252.34650111198425,0.5000131130218506,,,,,
Stim1_167,252.37979197502136,252.92989015579224,0.550098180770874,252.92989015579224,0.550098180770874,left-neut,left,1
Stim1_168,252.967679977417,253.47986698150635,0.5121870040893555,,,,,
Stim1_169,253.5134289264679,254.16334009170532,0.6499111652374268,254.16334009170532,0.6499111652374268,left-inc,left,1
Stim1_170,254.19649410247803,254.6965470314026,0.5000529289245605,,,,,
Stim1_171,254.7297990322113,255.31771802902222,0.5879189968109131,255.31771802902222,0.5879189968109131,right-con,right,1
Stim1_172,255.35114908218384,255.86323809623718,0.5120890140533447,,,,,
Stim1_173,255.8966691493988,256.46322202682495,0.5665528774261475,256.46322202682495,0.5665528774261475,right-neut,right,1
Stim1_174,256.4965250492096,256.9965600967407,0.5000350475311279,,,,,
Stim1_175,257.0298409461975,257.6010980606079,0.5712571144104004,257.6010980606079,0.5712571144104004,left-con,left,1
Stim1_176,257.63455510139465,258.1466519832611,0.5120968818664551,,,,,
Stim1_177,258.18017315864563,258.9467270374298,0.7665538787841797,258.9467270374298,0.7665538787841797,right-inc,right,1
Stim1_178,258.97989106178284,259.479905128479,0.500014066696167,,,,,
Stim1_179,259.5133731365204,260.18004608154297,0.666672945022583,260.18004608154297,0.666672945022583,left-inc,left,1
Stim1_180,260.2132749557495,260.72998905181885,0.5167140960693359,,,,,
Stim1_181,260.7633500099182,261.5466380119324,0.7832880020141602,261.5466380119324,0.7832880020141602,left-neut,left,1
Stim1_182,261.5799181461334,262.0843560695648,0.5044379234313965,,,,,
Stim1_183,262.1178369522095,262.73011112213135,0.612274169921875,262.73011112213135,0.612274169921875,left-inc,left,1
Stim1_184,262.7633249759674,263.279953956604,0.5166289806365967,,,,,
Stim1_185,263.3134310245514,263.9301121234894,0.6166810989379883,263.9301121234894,0.6166810989379883,left-inc,left,1
Stim1_186,263.9632999897003,264.46332907676697,0.5000290870666504,,,,,
Stim1_187,264.49659514427185,265.1799600124359,0.6833648681640625,265.1799600124359,0.6833648681640625,left-con,left,1
Stim1_188,265.21333408355713,265.71336102485657,0.5000269412994385,,,,,
Stim1_189,265.746591091156,266.3674440383911,0.6208529472351074,266.3674440383911,0.6208529472351074,right-con,right,1
Stim1_190,266.4012930393219,266.91336607933044,0.5120730400085449,,,,,
Stim1_191,266.9466450214386,267.5466511249542,0.600006103515625,267.5466511249542,0.600006103515625,left-neut,left,1
Stim1_192,267.5800371170044,268.0801291465759,0.5000920295715332,,,,,
Stim1_193,268.11338996887207,268.6512050628662,0.5378150939941406,268.6512050628662,0.5378150939941406,right-con,right,1
Stim1_194,268.68479013442993,269.1967439651489,0.5119538307189941,,,,,
Stim1_195,269.23003101348877,269.8135070800781,0.5834760665893555,269.8135070800781,0.5834760665893555,right-neut,right,1
Stim1_196,269.846715927124,270.34674310684204,0.5000271797180176,,,,,
Stim1_197,270.38017201423645,270.9344129562378,0.5542409420013428,270.9344129562378,0.5542409420013428,left-neut,left,1
Stim1_198,270.9678750038147,271.4800910949707,0.5122160911560059,,,,,
Stim1_199,271.5135600566864,272.16356205940247,0.6500020027160645,272.16356205940247,0.6500020027160645,right-inc,right,1
Stim1_200,272.1967749595642,272.6967921257019,0.5000171661376953,,,,,
Stim1_201,272.73007893562317,273.3967499732971,0.6666710376739502,273.3967499732971,0.6666710376739502,left-neut,left,1
Stim1_202,273.43009996414185,273.930223941803,0.5001239776611328,,,,,
Stim1_203,273.96341609954834,274.76349210739136,0.8000760078430176,274.76349210739136,0.8000760078430176,left-con,left,1
Stim1_204,274.79679703712463,275.30116510391235,0.5043680667877197,,,,,
Stim1_205,275.3346779346466,275.9969301223755,0.6622521877288818,275.9969301223755,0.6622521877288818,left-inc,left,1
Stim1_206,276.0301139354706,276.5301511287689,0.5000371932983398,,,,,
Stim1_207,276.56358909606934,277.16348910331726,0.5999000072479248,277.16348910331726,0.5999000072479248,right-con,right,1
Stim1_208,277.19682908058167,277.7011981010437,0.5043690204620361,,,,,
Stim1_209,277.7346861362457,278.43017411231995,0.6954879760742188,278.43017411231995,0.6954879760742188,left-neut,left,1
Stim1_210,278.4636490345001,278.98019194602966,0.516542911529541,,,,,
Stim1_211,279.0137951374054,279.6849670410156,0.6711719036102295,279.6849670410156,0.6711719036102295,right-inc,right,1
Stim1_212,279.71812105178833,280.2302119731903,0.5120909214019775,,,,,
Stim1_213,280.2635109424591,280.89684796333313,0.6333370208740234,280.89684796333313,0.6333370208740234,right-neut,right,1
Stim1_214,280.93019914627075,281.4303641319275,0.5001649856567383,,,,,
Stim1_215,281.46351194381714,282.1180770397186,0.6545650959014893,282.1180770397186,0.6545650959014893,right-neut,right,1
Stim1_216,282.15123414993286,282.66371297836304,0.5124788284301758,,,,,
Stim1_217,282.696830034256,283.28021907806396,0.5833890438079834,283.28021907806396,0.5833890438079834,right-con,right,1
Stim1_218,283.31353998184204,283.81372714042664,0.5001871585845947,,,,,
Stim1_219,283.8470730781555,284.64709210395813,0.8000190258026123,284.64709210395813,0.8000190258026123,right-inc,right,1
Stim1_220,284.68022894859314,285.1802611351013,0.5000321865081787,,,,,
Stim1_221,285.21367597579956,286.1139199733734,0.9002439975738525,286.1139199733734,0.9002439975738525,left-inc,left,1
Stim1_222,286.1469030380249,286.6514871120453,0.5045840740203857,,,,,
Stim1_223,286.68036103248596,287.3469190597534,0.666558027267456,287.3469190597534,0.666558027267456,right-neut,right,1
Stim1_224,287.3802721500397,287.8803081512451,0.5000360012054443,,,,,
Stim1_225,287.9137761592865,288.5849721431732,0.6711959838867188,288.5849721431732,0.6711959838867188,left-inc,left,1
Stim1_226,288.6179449558258,289.1303241252899,0.5123791694641113,,,,,
Stim1_227,289.16360998153687,289.79699516296387,0.633385181427002,289.79699516296387,0.633385181427002,left-neut,left,1
Stim1_228,289.8302960395813,290.3303439617157,0.5000479221343994,,,,,
Stim1_229,290.36360597610474,291.0015139579773,0.6379079818725586,291.0015139579773,0.6379079818725586,right-neut,right,1
Stim1_230,291.0347089767456,291.5469810962677,0.5122721195220947,,,,,
Stim1_231,291.5802791118622,292.21366810798645,0.6333889961242676,292.21366810798645,0.6333889961242676,left-con,left,1
Stim1_232,292.247013092041,292.74703097343445,0.5000178813934326,,,,,
Stim1_233,292.78031516075134,293.3343880176544,0.5540728569030762,293.3343880176544,0.5540728569030762,right-neut,right,1
Stim1_234,293.36809611320496,293.8803880214691,0.5122919082641602,,,,,
Stim1_235,293.91375207901,294.56370210647583,0.6499500274658203,294.56370210647583,0.6499500274658203,right-con,right,1
Stim1_236,294.5972411632538,295.11372995376587,0.516488790512085,,,,,
Stim1_237,295.1473939418793,295.93055605888367,0.7831621170043945,295.93055605888367,0.7831621170043945,left-inc,left,1
Stim1_238,295.96374893188477,296.46377515792847,0.5000262260437012,,,,,
Stim1_239,296.49707794189453,297.11389994621277,0.6168220043182373,297.11389994621277,0.6168220043182373,left-neut,left,1
Stim1_0,297.14708399772644,297.6514461040497,0.5043621063232422,,,,,
Break1_0,297.6855630874634,310.22987699508667,12.544313907623291,310.22987699508667,12.544313907623291,,space,
Stim2_1,310.2640061378479,311.6806380748749,1.4166319370269775,311.6806380748749,1.4166319370269775,left-con,left,1
Stim2_2,311.71394515037537,312.2139880657196,0.5000429153442383,,,,,
Stim2_3,312.2472529411316,312.7806329727173,0.5333800315856934,312.7806329727173,0.5333800315856934,left-neut,left,1
Stim2_4,312.81394696235657,313.3183479309082,0.5044009685516357,,,,,
Stim2_5,313.3517701625824,314.0974681377411,0.7456979751586914,314.0974681377411,0.7456979751586914,right-inc,right,1
Stim2_6,314.13064408302307,314.63068103790283,0.5000369548797607,,,,,
Stim2_7,314.6641221046448,315.5519609451294,0.8878388404846191,315.5519609451294,0.8878388404846191,left-inc,left,1
Stim2_8,315.58471608161926,316.09737396240234,0.512657880783081,,,,,
Stim2_9,316.1308150291443,316.7808449268341,0.6500298976898193,316.7808449268341,0.6500298976898193,left-inc,left,1
Stim2_10,316.81417298316956,317.33074712753296,0.5165741443634033,,,,,
Stim2_11,317.3643310070038,318.0308690071106,0.6665380001068115,318.0308690071106,0.6665380001068115,left-inc,left,1
Stim2_12,318.0640561580658,318.56417894363403,0.5001227855682373,,,,,
Stim2_13,318.5973000526428,319.18069100379944,0.5833909511566162,319.18069100379944,0.5833909511566162,left-con,left,1
Stim2_14,319.2140431404114,319.71409606933594,0.5000529289245605,,,,,
Stim2_15,319.74754095077515,320.49755096435547,0.7500100135803223,320.49755096435547,0.7500100135803223,left-inc,left,1
Stim2_16,320.53074193000793,321.0308930873871,0.5001511573791504,,,,,
Stim2_17,321.0640389919281,321.64741110801697,0.5833721160888672,321.64741110801697,0.5833721160888672,right-neut,right,1
Stim2_18,321.6807110309601,322.1855380535126,0.5048270225524902,,,,,
Stim2_19,322.2183840274811,322.8474929332733,0.6291089057922363,322.8474929332733,0.6291089057922363,right-con,right,1
Stim2_20,322.88076400756836,323.3807830810547,0.5000190734863281,,,,,
Stim2_21,323.41437005996704,324.08091592788696,0.6665458679199219,324.08091592788696,0.6665458679199219,left-inc,left,1
Stim2_22,324.1142671108246,324.6142840385437,0.5000169277191162,,,,,
Stim2_23,324.6475429534912,325.23095297813416,0.5834100246429443,325.23095297813416,0.5834100246429443,left-con,left,1
Stim2_24,325.26421213150024,325.7808210849762,0.5166089534759521,,,,,
Stim2_25,325.8142960071564,326.4684419631958,0.6541459560394287,326.4684419631958,0.6541459560394287,left-inc,left,1
Stim2_26,326.502023935318,327.0141739845276,0.5121500492095947,,,,,
Stim2_27,327.0477409362793,327.6476330757141,0.5998921394348145,327.6476330757141,0.5998921394348145,left-inc,left,1
Stim2_28,327.680801153183,328.18083810806274,0.5000369548797607,,,,,
Stim2_29,328.21430802345276,328.95266103744507,0.7383530139923096,328.95266103744507,0.7383530139923096,right-inc,right,1
Stim2_30,328.98562598228455,329.4975759983063,0.5119500160217285,,,,,
Stim2_31,329.53080916404724,330.14752411842346,0.6167149543762207,330.14752411842346,0.6167149543762207,right-neut,right,1
Stim2_32,330.1808440685272,330.6809141635895,0.5000700950622559,,,,,
Stim2_33,330.71434211730957,331.41449213027954,0.7001500129699707,331.41449213027954,0.7001500129699707,right-inc,right,1
Stim2_34,331.4474289417267,331.94757294654846,0.5001440048217773,,,,,
Stim2_35,331.9809830188751,332.69772005081177,0.7167370319366455,332.69772005081177,0.7167370319366455,left-inc,left,1
Stim2_36,332.73088693618774,333.23528695106506,0.5044000148773193,,,,,
Stim2_37,333.2685570716858,333.88094305992126,0.6123859882354736,333.88094305992126,0.6123859882354736,left-con,left,1
Stim2_38,333.91417503356934,334.41428995132446,0.500114917755127,,,,,
Stim2_39,334.44755005836487,335.0642819404602,0.6167318820953369,335.0642819404602,0.6167318820953369,left-neut,left,1
Stim2_40,335.0975720882416,335.6019539833069,0.5043818950653076,,,,,
Stim2_41,335.6354241371155,336.2977719306946,0.6623477935791016,336.2977719306946,0.6623477935791016,right-neut,right,1
Stim2_42,336.33094906806946,336.8309910297394,0.5000419616699219,,,,,
Stim2_43,336.8642361164093,337.5142810344696,0.6500449180603027,337.5142810344696,0.6500449180603027,right-con,right,1
Stim2_44,337.55215716362,338.06431698799133,0.5121598243713379,,,,,
Stim2_45,338.09773993492126,338.7809510231018,0.683211088180542,338.7809510231018,0.683211088180542,right-con,right,1
Stim2_46,338.81462502479553,339.33111596107483,0.5164909362792969,,,,,
Stim2_47,339.3644549846649,340.08562994003296,0.721174955368042,340.08562994003296,0.721174955368042,right-inc,right,1
Stim2_48,340.1190490722656,340.631019115448,0.511970043182373,,,,,
Stim2_49,340.66439509391785,341.48101902008057,0.8166239261627197,341.48101902008057,0.8166239261627197,left-con,left,1
Stim2_50,341.5143539905548,342.0188009738922,0.5044469833374023,,,,,
Stim2_51,342.0519139766693,342.74786615371704,0.6959521770477295,342.74786615371704,0.6959521770477295,right-inc,right,1
Stim2_52,342.78119707107544,343.2977409362793,0.5165438652038574,,,,,
Stim2_53,343.33117413520813,344.08121514320374,0.7500410079956055,344.08121514320374,0.7500410079956055,right-inc,right,1
Stim2_54,344.11442613601685,344.63109016418457,0.5166640281677246,,,,,
Stim2_55,344.66437911987305,345.3310511112213,0.6666719913482666,345.3310511112213,0.6666719913482666,right-neut,right,1
Stim2_56,345.3642621040344,345.8644320964813,0.5001699924468994,,,,,
Stim2_57,345.8977210521698,346.5023350715637,0.6046140193939209,346.5023350715637,0.6046140193939209,left-con,left,1
Stim2_58,346.53561305999756,347.04776215553284,0.5121490955352783,,,,,
Stim2_59,347.0810430049896,347.61442613601685,0.5333831310272217,347.61442613601685,0.5333831310272217,right-con,right,1
Stim2_60,347.64789295196533,348.1644380092621,0.5165450572967529,,,,,
Stim2_61,348.1978991031647,348.90256214141846,0.7046630382537842,348.90256214141846,0.7046630382537842,right-inc,right,1
Stim2_62,348.935604095459,349.4478061199188,0.5122020244598389,,,,,
Stim2_63,349.48123598098755,350.38129711151123,0.9000611305236816,350.38129711151123,0.9000611305236816,left-inc,left,1
Stim2_64,350.4146320819855,350.91882395744324,0.5041918754577637,,,,,
Stim2_65,350.9522421360016,351.59779596328735,0.6455538272857666,351.59779596328735,0.6455538272857666,right-con,right,1
Stim2_66,351.6311390399933,352.1312940120697,0.500154972076416,,,,,
Stim2_67,352.1644811630249,352.847825050354,0.6833438873291016,352.847825050354,0.6833438873291016,right-con,right,1
Stim2_68,352.88117814064026,353.3856370449066,0.5044589042663574,,,,,
Stim2_69,353.41883993148804,354.1811680793762,0.7623281478881836,354.1811680793762,0.7623281478881836,left-neut,left,1
Stim2_70,354.21451115608215,354.71468114852905,0.5001699924468994,,,,,
Stim2_71,354.74780797958374,355.4522111415863,0.7044031620025635,355.4522111415863,0.7044031620025635,left-neut,left,1
Stim2_72,355.48586416244507,355.9979109764099,0.5120468139648438,,,,,
Stim2_73,356.0311551094055,356.68119502067566,0.6500399112701416,356.68119502067566,0.6500399112701416,left-con,left,1
Stim2_74,356.7147660255432,357.23125195503235,0.5164859294891357,,,,,
Stim2_75,357.26453495025635,357.9480690956116,0.6835341453552246,357.9480690956116,0.6835341453552246,right-con,right,1
Stim2_76,357.98125314712524,358.4812741279602,0.5000209808349609,,,,,
Stim2_77,358.514524936676,359.18120098114014,0.6666760444641113,359.18120098114014,0.6666760444641113,right-neut,right,1
Stim2_78,359.2145290374756,359.71475195884705,0.50022292137146,,,,,
Stim2_79,359.7524981498718,360.4647481441498,0.7122499942779541,360.4647481441498,0.7122499942779541,left-inc,left,1
Stim2_80,360.4979200363159,360.9980731010437,0.5001530647277832,,,,,
Stim2_81,361.03123807907104,361.71459197998047,0.6833539009094238,361.71459197998047,0.6833539009094238,right-neut,right,1
Stim2_82,361.74793004989624,362.25240302085876,0.5044729709625244,,,,,
Stim2_83,362.2855999469757,362.86465215682983,0.579052209854126,362.86465215682983,0.579052209854126,right-neut,right,1
Stim2_84,362.89819407463074,363.41468501091003,0.5164909362792969,,,,,
Stim2_85,363.44792103767395,364.08126497268677,0.6333439350128174,364.08126497268677,0.6333439350128174,left-con,left,1
Stim2_86,364.1146230697632,364.6147849559784,0.50016188621521,,,,,
Stim2_87,364.6479449272156,365.51493215560913,0.8669872283935547,365.51493215560913,0.8669872283935547,right-con,right,1
Stim2_88,365.5482521057129,366.0646870136261,0.516434907913208,,,,,
Stim2_89,366.09800815582275,366.83138704299927,0.7333788871765137,366.83138704299927,0.7333788871765137,right-neut,right,1
Stim2_90,366.8648130893707,367.38151812553406,0.5167050361633301,,,,,
Stim2_91,367.41463804244995,368.0313310623169,0.6166930198669434,368.0313310623169,0.6166930198669434,left-con,left,1
Stim2_92,368.0646879673004,368.5647361278534,0.5000481605529785,,,,,
Stim2_93,368.59799098968506,369.26495695114136,0.6669659614562988,369.26495695114136,0.6669659614562988,left-con,left,1
Stim2_94,369.29805612564087,369.7980799674988,0.5000238418579102,,,,,
Stim2_95,369.83149909973145,370.548180103302,0.7166810035705566,370.548180103302,0.7166810035705566,left-inc,left,1
Stim2_96,370.58138608932495,371.08579897880554,0.5044128894805908,,,,,
Stim2_97,371.119136095047,371.74807500839233,0.6289389133453369,371.74807500839233,0.6289389133453369,right-neut,right,1
Stim2_98,371.78138995170593,372.281445980072,0.5000560283660889,,,,,
Stim2_99,372.3147029876709,373.04807901382446,0.7333760261535645,373.04807901382446,0.7333760261535645,right-con,right,1
Stim2_100,373.08595609664917,373.5981140136719,0.5121579170227051,,,,,
Stim2_101,373.63156509399414,374.2980799674988,0.6665148735046387,374.2980799674988,0.6665148735046387,right-con,right,1
Stim2_102,374.33142614364624,374.8314769268036,0.5000507831573486,,,,,
Stim2_103,374.86477303504944,375.4526569843292,0.5878839492797852,375.4526569843292,0.5878839492797852,right-con,right,1
Stim2_104,375.4860031604767,375.9981689453125,0.5121657848358154,,,,,
Stim2_105,376.03145694732666,376.68148708343506,0.6500301361083984,376.68148708343506,0.6500301361083984,right-neut,right,1
Stim2_106,376.714791059494,377.2149729728699,0.5001819133758545,,,,,
Stim2_107,377.24809312820435,377.8193061351776,0.5712130069732666,377.8193061351776,0.5712130069732666,right-con,right,1
Stim2_108,377.85266304016113,378.3648941516876,0.5122311115264893,,,,,
Stim2_109,378.3981330394745,379.0315670967102,0.6334340572357178,379.0315670967102,0.6334340572357178,right-neut,right,1
Stim2_110,379.06481313705444,379.5648491382599,0.5000360012054443,,,,,
Stim2_111,379.5982840061188,380.1649839878082,0.5666999816894531,380.1649839878082,0.5666999816894531,left-neut,left,1
Stim2_112,380.19820404052734,380.6982181072235,0.500014066696167,,,,,
Stim2_113,380.7316551208496,381.49834394454956,0.7666888236999512,381.49834394454956,0.7666888236999512,left-inc,left,1
Stim2_114,381.53155493736267,382.0359101295471,0.5043551921844482,,,,,
Stim2_115,382.0692341327667,382.6148760318756,0.5456418991088867,382.6148760318756,0.5456418991088867,left-neut,left,1
Stim2_116,382.6483459472656,383.164911031723,0.5165650844573975,,,,,
Stim2_117,383.1983880996704,383.8650779724121,0.6666898727416992,383.8650779724121,0.6666898727416992,left-inc,left,1
Stim2_118,383.89825105667114,384.4026429653168,0.5043919086456299,,,,,
Stim2_119,384.43593406677246,385.0317130088806,0.5957789421081543,385.0317130088806,0.5957789421081543,right-con,right,1
Stim2_120,385.0649390220642,385.56495809555054,0.5000190734863281,,,,,
Stim2_121,385.59839701652527,386.41962003707886,0.8212230205535889,386.41962003707886,0.8212230205535889,right-inc,right,1
Stim2_122,386.4529571533203,386.9649569988251,0.5119998455047607,,,,,
Stim2_123,386.99842405319214,387.63161993026733,0.6331958770751953,387.63161993026733,0.6331958770751953,right-con,right,1
Stim2_124,387.6649830341339,388.16498708724976,0.5000040531158447,,,,,
Stim2_125,388.1984760761261,389.0025420188904,0.8040659427642822,389.0025420188904,0.8040659427642822,right-inc,right,1
Stim2_126,389.03164196014404,389.531662940979,0.5000209808349609,,,,,
Stim2_127,389.56512904167175,390.2317979335785,0.6666688919067383,390.2317979335785,0.6666688919067383,right-inc,right,1
Stim2_128,390.26498007774353,390.7651469707489,0.5001668930053711,,,,,
Stim2_129,390.7982671260834,391.53164315223694,0.7333760261535645,391.53164315223694,0.7333760261535645,left-con,left,1
Stim2_130,391.56500697135925,392.06504797935486,0.5000410079956055,,,,,
Stim2_131,392.0984539985657,392.71501898765564,0.6165649890899658,392.71501898765564,0.6165649890899658,left-neut,left,1
Stim2_132,392.7483570575714,393.25283002853394,0.5044729709625244,,,,,
Stim2_133,393.28604006767273,393.86507415771484,0.5790340900421143,393.86507415771484,0.5790340900421143,right-neut,right,1
Stim2_134,393.8983790874481,394.39854311943054,0.5001640319824219,,,,,
Stim2_135,394.43168902397156,394.9983940124512,0.5667049884796143,394.9983940124512,0.5667049884796143,right-neut,right,1
Stim2_136,395.0317471027374,395.5361111164093,0.504364013671875,,,,,
Stim2_137,395.569589138031,396.0483901500702,0.47880101203918457,396.0483901500702,0.47880101203918457,left-neut,left,1
Stim2_138,396.08172607421875,396.58177304267883,0.500046968460083,,,,,
Stim2_139,396.61519503593445,397.1485559940338,0.5333609580993652,397.1485559940338,0.5333609580993652,right-inc,right,1
Stim2_140,397.18173813819885,397.68640398979187,0.5046658515930176,,,,,
Stim2_141,397.71956396102905,398.38189816474915,0.6623342037200928,398.38189816474915,0.6623342037200928,right-inc,right,1
Stim2_142,398.41520714759827,398.9317820072174,0.5165748596191406,,,,,
Stim2_143,398.9652440547943,399.6153781414032,0.6501340866088867,399.6153781414032,0.6501340866088867,right-inc,right,1
Stim2_144,399.64847111701965,400.1484730243683,0.5000019073486328,,,,,
Stim2_145,400.1819529533386,400.8485960960388,0.6666431427001953,400.8485960960388,0.6666431427001953,right-inc,right,1
Stim2_146,400.8819160461426,401.3984999656677,0.5165839195251465,,,,,
Stim2_147,401.43191409111023,402.0367360115051,0.6048219203948975,402.0367360115051,0.6048219203948975,right-inc,right,1
Stim2_148,402.06969714164734,402.5820119380951,0.5123147964477539,,,,,
Stim2_149,402.61511611938477,403.2318091392517,0.6166930198669434,403.2318091392517,0.6166930198669434,right-con,right,1
Stim2_150,403.2651951313019,403.78187108039856,0.5166759490966797,,,,,
Stim2_151,403.81514716148376,404.4197449684143,0.604597806930542,404.4197449684143,0.604597806930542,left-con,left,1
Stim2_152,404.4530680179596,404.9653351306915,0.5122671127319336,,,,,
Stim2_153,404.9986641407013,405.7320499420166,0.7333858013153076,405.7320499420166,0.7333858013153076,right-inc,right,1
Stim2_154,405.76519107818604,406.2652449607849,0.500053882598877,,,,,
Stim2_155,406.29851603507996,406.94856214523315,0.6500461101531982,406.94856214523315,0.6500461101531982,left-con,left,1
Stim2_156,406.98194098472595,407.49858808517456,0.5166471004486084,,,,,
Stim2_157,407.5318670272827,408.1819131374359,0.6500461101531982,408.1819131374359,0.6500461101531982,right-neut,right,1
Stim2_158,408.2153730392456,408.71975803375244,0.5043849945068359,,,,,
Stim2_159,408.75289011001587,409.3318819999695,0.5789918899536133,409.3318819999695,0.5789918899536133,right-neut,right,1
Stim2_160,409.36521005630493,409.86526894569397,0.5000588893890381,,,,,
Stim2_161,409.89856815338135,410.4319190979004,0.533350944519043,410.4319190979004,0.533350944519043,left-neut,left,1
Stim2_162,410.46527314186096,410.96964502334595,0.5043718814849854,,,,,
Stim2_163,411.0033791065216,411.86545515060425,0.8620760440826416,411.86545515060425,0.8620760440826416,left-inc,left,1
Stim2_164,411.8986129760742,412.39864206314087,0.5000290870666504,,,,,
Stim2_165,412.43207907676697,413.1034610271454,0.671381950378418,413.1034610271454,0.671381950378418,left-inc,left,1
Stim2_166,413.1364870071411,413.64884996414185,0.5123629570007324,,,,,
Stim2_167,413.68190813064575,414.3819589614868,0.7000508308410645,414.3819589614868,0.7000508308410645,right-con,right,1
Stim2_168,414.41544795036316,414.9320139884949,0.5165660381317139,,,,,
Stim2_169,414.96528816223145,415.51969599723816,0.5544078350067139,415.51969599723816,0.5544078350067139,right-neut,right,1
Stim2_170,415.5530090332031,416.0653760433197,0.5123670101165771,,,,,
Stim2_171,416.0988070964813,416.8154671192169,0.7166600227355957,416.8154671192169,0.7166600227355957,right-inc,right,1
Stim2_172,416.848708152771,417.365385055542,0.5166769027709961,,,,,
Stim2_173,417.39864206314087,418.01557207107544,0.6169300079345703,418.01557207107544,0.6169300079345703,left-con,left,1
Stim2_174,418.0486710071564,418.54871702194214,0.5000460147857666,,,,,
Stim2_175,418.58198404312134,419.1821630001068,0.6001789569854736,419.1821630001068,0.6001789569854736,right-con,right,1
Stim2_176,419.2153649330139,419.71976613998413,0.5044012069702148,,,,,
Stim2_177,419.75302600860596,420.4487090110779,0.6956830024719238,420.4487090110779,0.6956830024719238,left-con,left,1
Stim2_178,420.482036113739,420.9820680618286,0.5000319480895996,,,,,
Stim2_179,421.01537799835205,421.73207211494446,0.7166941165924072,421.73207211494446,0.7166941165924072,left-neut,left,1
Stim2_180,421.7655589580536,422.26982498168945,0.5042660236358643,,,,,
Stim2_181,422.30334210395813,422.7820749282837,0.4787328243255615,422.7820749282837,0.4787328243255615,right-neut,right,1
Stim2_182,422.8155429363251,423.3321011066437,0.5165581703186035,,,,,
Stim2_183,423.36540699005127,423.8820950984955,0.5166881084442139,423.8820950984955,0.5166881084442139,left-neut,left,1
Stim2_184,423.9155399799347,424.41982102394104,0.5042810440063477,,,,,
Stim2_185,424.4531590938568,425.0321171283722,0.5789580345153809,425.0321171283722,0.5789580345153809,left-con,left,1
Stim2_186,425.06546807289124,425.56549310684204,0.5000250339508057,,,,,
Stim2_187,425.59876704216003,426.14876794815063,0.5500009059906006,426.14876794815063,0.5500009059906006,left-con,left,1
Stim2_188,426.1821200847626,426.68650007247925,0.5043799877166748,,,,,
Stim2_189,426.7198050022125,427.2488040924072,0.5289990901947021,427.2488040924072,0.5289990901947021,left-neut,left,1
Stim2_190,427.28217601776123,427.78217816352844,0.5000021457672119,,,,,
Stim2_191,427.81549096107483,428.3154971599579,0.5000061988830566,428.3154971599579,0.5000061988830566,left-neut,left,1
Stim2_192,428.3488259315491,428.8532381057739,0.5044121742248535,,,,,
Stim2_193,428.8866500854492,429.6991460323334,0.8124959468841553,429.6991460323334,0.8124959468841553,left-inc,left,1
Stim2_194,429.73218512535095,430.23220896720886,0.5000238418579102,,,,,
Stim2_195,430.2654881477356,430.9532699584961,0.687781810760498,430.9532699584961,0.687781810760498,right-neut,right,1
Stim2_196,430.9866759777069,431.4989221096039,0.5122461318969727,,,,,
Stim2_197,431.53216910362244,432.18236899375916,0.6501998901367188,432.18236899375916,0.6501998901367188,left-neut,left,1
Stim2_198,432.2155270576477,432.71557092666626,0.5000438690185547,,,,,
Stim2_199,432.74886298179626,433.3199360370636,0.571073055267334,433.3199360370636,0.571073055267334,left-neut,left,1
Stim2_200,433.35343313217163,433.86551809310913,0.5120849609375,,,,,
Stim2_201,433.8990421295166,434.532350063324,0.633307933807373,434.532350063324,0.633307933807373,left-inc,left,1
Stim2_202,434.5655391216278,435.06562399864197,0.5000848770141602,,,,,
Stim2_203,435.09891295433044,435.6989130973816,0.6000001430511475,435.6989130973816,0.6000001430511475,left-neut,left,1
Stim2_204,435.73226404190063,436.23229598999023,0.5000319480895996,,,,,
Stim2_205,436.2655601501465,436.99891901016235,0.7333588600158691,436.99891901016235,0.7333588600158691,left-con,left,1
Stim2_206,437.0323040485382,437.53667402267456,0.5043699741363525,,,,,
Stim2_207,437.57000207901,438.24897503852844,0.6789729595184326,438.24897503852844,0.6789729595184326,left-neut,left,1
Stim2_208,438.2822949886322,438.78243494033813,0.5001399517059326,,,,,
Stim2_209,438.81561613082886,439.2826089859009,0.4669928550720215,439.2826089859009,0.4669928550720215,right-neut,right,1
Stim2_210,439.31593894958496,439.8200161457062,0.5040771961212158,,,,,
Stim2_211,439.8531160354614,440.78245306015015,0.9293370246887207,440.78245306015015,0.9293370246887207,right-con,right,1
Stim2_212,440.81563210487366,441.31567096710205,0.5000388622283936,,,,,
Stim2_213,441.3489589691162,441.93693113327026,0.5879721641540527,441.93693113327026,0.5879721641540527,left-con,left,1
Stim2_214,441.9702310562134,442.4824249744415,0.5121939182281494,,,,,
Stim2_215,442.51561999320984,443.0656909942627,0.5500710010528564,443.0656909942627,0.5500710010528564,left-neut,left,1
Stim2_216,443.0990309715271,443.59906005859375,0.5000290870666504,,,,,
Stim2_217,443.6323411464691,444.35347294807434,0.7211318016052246,444.35347294807434,0.7211318016052246,left-neut,left,1
Stim2_218,444.386745929718,444.8990969657898,0.5123510360717773,,,,,
Stim2_219,444.9325611591339,445.74938797950745,0.8168268203735352,445.74938797950745,0.8168268203735352,left-inc,left,1
Stim2_220,445.7824709415436,446.2991211414337,0.5166501998901367,,,,,
Stim2_221,446.3325459957123,446.99921798706055,0.6666719913482666,446.99921798706055,0.6666719913482666,left-inc,left,1
Stim2_222,447.0323989391327,447.5324339866638,0.5000350475311279,,,,,
Stim2_223,447.56587195396423,448.4325671195984,0.8666951656341553,448.4325671195984,0.8666951656341553,right-inc,right,1
Stim2_224,448.46573996543884,448.9659070968628,0.5001671314239502,,,,,
Stim2_225,448.9992320537567,449.61588501930237,0.6166529655456543,449.61588501930237,0.6166529655456543,right-inc,right,1
Stim2_226,449.64912509918213,450.1491620540619,0.5000369548797607,,,,,
Stim2_227,450.18246507644653,450.7661499977112,0.5836849212646484,450.7661499977112,0.5836849212646484,right-con,right,1
Stim2_228,450.8037419319153,451.3158049583435,0.5120630264282227,,,,,
Stim2_229,451.3492569923401,452.04925298690796,0.6999959945678711,452.04925298690796,0.6999959945678711,right-inc,right,1
Stim2_230,452.0824670791626,452.5824890136719,0.5000219345092773,,,,,
Stim2_231,452.615935087204,453.4326419830322,0.8167068958282471,453.4326419830322,0.8167068958282471,left-inc,left,1
Stim2_232,453.4658451080322,453.9825930595398,0.5167479515075684,,,,,
Stim2_233,454.01579213142395,454.64916014671326,0.6333680152893066,454.64916014671326,0.6333680152893066,right-con,right,1
Stim2_234,454.6825211048126,455.1826820373535,0.5001609325408936,,,,,
Stim2_235,455.2199261188507,455.8491859436035,0.6292598247528076,455.8491859436035,0.6292598247528076,left-con,left,1
Stim2_236,455.8825161457062,456.3825719356537,0.5000557899475098,,,,,
Stim2_237,456.41596698760986,457.0658669471741,0.649899959564209,457.0658669471741,0.649899959564209,right-neut,right,1
Stim2_238,457.0992109775543,457.60369515419006,0.5044841766357422,,,,,
Stim2_239,457.63707208633423,458.2658770084381,0.6288049221038818,458.2658770084381,0.6288049221038818,left-neut,left,1
Stim2_0,458.299241065979,458.79927015304565,0.5000290870666504,,,,,
Break2_0,458.83183693885803,466.6865379810333,7.854701042175293,466.6865379810333,7.854701042175293,,space,
Stim3_1,466.72068214416504,467.7160050868988,0.9953229427337646,467.7160050868988,0.9953229427337646,right-con,right,1
Stim3_2,467.7493460178375,468.24935507774353,0.5000090599060059,,,,,
Stim3_3,468.28267097473145,468.8204391002655,0.5377681255340576,468.8204391002655,0.5377681255340576,left-neut,left,1
Stim3_4,468.8537299633026,469.36607599258423,0.5123460292816162,,,,,
Stim3_5,469.399542093277,470.11618399620056,0.716641902923584,470.11618399620056,0.716641902923584,left-inc,left,1
Stim3_6,470.14939403533936,470.6495621204376,0.5001680850982666,,,,,
Stim3_7,470.68285393714905,471.2995891571045,0.6167352199554443,471.2995891571045,0.6167352199554443,right-inc,right,1
Stim3_8,471.33274602890015,471.83278799057007,0.5000419616699219,,,,,
Stim3_9,471.8660521507263,472.53272008895874,0.6666679382324219,472.53272008895874,0.6666679382324219,right-con,right,1
Stim3_10,472.5660879611969,473.0705101490021,0.5044221878051758,,,,,
Stim3_11,473.10385298728943,473.76624512672424,0.6623921394348145,473.76624512672424,0.6623921394348145,right-con,right,1
Stim3_12,473.799467086792,474.3161311149597,0.5166640281677246,,,,,
Stim3_13,474.34941506385803,474.84944200515747,0.5000269412994385,474.84944200515747,0.5000269412994385,right-con,right,1
Stim3_14,474.88274002075195,475.3872780799866,0.5045380592346191,,,,,
Stim3_15,475.420508146286,476.066143989563,0.6456358432769775,476.066143989563,0.6456358432769775,left-con,left,1
Stim3_16,476.09945607185364,476.59949493408203,0.5000388622283936,,,,,
Stim3_17,476.63312792778015,477.3497841358185,0.7166562080383301,477.3497841358185,0.7166562080383301,left-inc,left,1
Stim3_18,477.38280296325684,477.88286113739014,0.5000581741333008,,,,,
Stim3_19,477.9161069393158,478.5161499977112,0.6000430583953857,478.5161499977112,0.6000430583953857,left-con,left,1
Stim3_20,478.54949402809143,479.0494980812073,0.5000040531158447,,,,,
Stim3_21,479.0827741622925,479.6161720752716,0.533397912979126,479.6161720752716,0.533397912979126,right-con,right,1
Stim3_22,479.65413093566895,480.1662061214447,0.5120751857757568,,,,,
Stim3_23,480.1996359825134,480.8163249492645,0.6166889667510986,480.8163249492645,0.6166889667510986,left-inc,left,1
Stim3_24,480.8496780395508,481.36622500419617,0.5165469646453857,,,,,
Stim3_25,481.3994951248169,481.98744106292725,0.5879459381103516,481.98744106292725,0.5879459381103516,right-con,right,1
Stim3_26,482.0207450389862,482.5331361293793,0.5123910903930664,,,,,
Stim3_27,482.5661971569061,483.1330440044403,0.5668468475341797,483.1330440044403,0.5668468475341797,left-con,left,1
Stim3_28,483.16621112823486,483.6662609577179,0.5000498294830322,,,,,
Stim3_29,483.6995210647583,484.28752398490906,0.5880029201507568,484.28752398490906,0.5880029201507568,right-con,right,1
Stim3_30,484.32077193260193,484.8329350948334,0.5121631622314453,,,,,
Stim3_31,484.8662450313568,485.43303394317627,0.566788911819458,485.43303394317627,0.566788911819458,left-neut,left,1
Stim3_32,485.46625208854675,485.96630811691284,0.5000560283660889,,,,,
Stim3_33,485.9995620250702,486.5541341304779,0.5545721054077148,486.5541341304779,0.5545721054077148,right-con,right,1
Stim3_34,486.5875539779663,487.0996379852295,0.5120840072631836,,,,,
Stim3_35,487.13293504714966,487.64961194992065,0.5166769027709961,487.64961194992065,0.5166769027709961,left-neut,left,1
Stim3_36,487.68294501304626,488.1830451488495,0.5001001358032227,,,,,
Stim3_37,488.2164261341095,489.0331380367279,0.8167119026184082,489.0331380367279,0.8167119026184082,left-inc,left,1
Stim3_38,489.06663513183594,489.5830171108246,0.5163819789886475,,,,,
Stim3_39,489.6164450645447,490.08297300338745,0.46652793884277344,490.08297300338745,0.46652793884277344,right-con,right,1
Stim3_40,490.1165249347687,490.63301515579224,0.5164902210235596,,,,,
Stim3_41,490.6662709712982,491.3163170814514,0.6500461101531982,491.3163170814514,0.6500461101531982,right-con,right,1
Stim3_42,491.3498110771179,491.8664240837097,0.5166130065917969,,,,,
Stim3_43,491.899817943573,492.5665121078491,0.666694164276123,492.5665121078491,0.666694164276123,left-inc,left,1
Stim3_44,492.59984016418457,493.10406708717346,0.5042269229888916,,,,,
Stim3_45,493.1373989582062,493.8163869380951,0.678987979888916,493.8163869380951,0.678987979888916,left-neut,left,1
Stim3_46,493.8497109413147,494.34972405433655,0.5000131130218506,,,,,
Stim3_47,494.383043050766,495.0330650806427,0.650022029876709,495.0330650806427,0.650022029876709,left-neut,left,1
Stim3_48,495.0664019584656,495.571053981781,0.5046520233154297,,,,,
Stim3_49,495.59970593452454,496.1165280342102,0.516822099685669,496.1165280342102,0.516822099685669,right-neut,right,1
Stim3_50,496.1497390270233,496.6497700214386,0.5000309944152832,,,,,
Stim3_51,496.68323016166687,497.4545090198517,0.7712788581848145,497.4545090198517,0.7712788581848145,right-inc,right,1
Stim3_52,497.4876389503479,497.99977111816406,0.5121321678161621,,,,,
Stim3_53,498.03320598602295,498.59992003440857,0.5667140483856201,498.59992003440857,0.5667140483856201,right-inc,right,1
Stim3_54,498.6330919265747,499.13314414024353,0.5000522136688232,,,,,
Stim3_55,499.16657614707947,499.8211181163788,0.6545419692993164,499.8211181163788,0.6545419692993164,right-con,right,1
Stim3_56,499.85442996025085,500.36650800704956,0.512078046798706,,,,,
Stim3_57,500.3999180793762,501.06659412384033,0.6666760444641113,501.06659412384033,0.6666760444641113,left-con,left,1
Stim3_58,501.09979796409607,501.5998270511627,0.5000290870666504,,,,,
Stim3_59,501.63309812545776,502.44979596138,0.8166978359222412,502.44979596138,0.8166978359222412,right-con,right,1
Stim3_60,502.4831681251526,502.9831690788269,0.5000009536743164,,,,,
Stim3_61,503.0164451599121,503.6331660747528,0.6167209148406982,503.6331660747528,0.6167209148406982,left-con,left,1
Stim3_62,503.6665070056915,504.1709129810333,0.5044059753417969,,,,,
Stim3_63,504.20418095588684,504.8331711292267,0.6289901733398438,504.8331711292267,0.6289901733398438,left-con,left,1
Stim3_64,504.86652994155884,505.3665690422058,0.5000391006469727,,,,,
Stim3_65,505.3998489379883,506.0666091442108,0.6667602062225342,506.0666091442108,0.6667602062225342,left-neut,left,1
Stim3_66,506.09988594055176,506.60403394699097,0.504148006439209,,,,,
Stim3_67,506.637540102005,507.18320512771606,0.5456650257110596,507.18320512771606,0.5456650257110596,left-con,left,1
Stim3_68,507.2165369987488,507.7165620326996,0.5000250339508057,,,,,
Stim3_69,507.7500340938568,508.5048711299896,0.7548370361328125,508.5048711299896,0.7548370361328125,left-inc,left,1
Stim3_70,508.53781604766846,509.04994010925293,0.5121240615844727,,,,,
Stim3_71,509.0832281112671,509.91659903526306,0.8333709239959717,509.91659903526306,0.8333709239959717,right-neut,right,1
Stim3_72,509.94993901252747,510.4499499797821,0.5000109672546387,,,,,
Stim3_73,510.4832479953766,511.1043519973755,0.6211040019989014,511.1043519973755,0.6211040019989014,left-neut,left,1
Stim3_74,511.13406896591187,511.650151014328,0.5160820484161377,,,,,
Stim3_75,511.68323016166687,512.5499911308289,0.8667609691619873,512.5499911308289,0.8667609691619873,left-con,left,1
Stim3_76,512.5832920074463,513.0877330303192,0.5044410228729248,,,,,
Stim3_77,513.1209840774536,513.7833020687103,0.6623179912567139,513.7833020687103,0.6623179912567139,right-neut,right,1
Stim3_78,513.8166151046753,514.3166620731354,0.500046968460083,,,,,
Stim3_79,514.3501100540161,515.3713369369507,1.0212268829345703,515.3713369369507,1.0212268829345703,left-inc,left,1
Stim3_80,515.4045169353485,515.9166820049286,0.5121650695800781,,,,,
Stim3_81,515.9502639770508,516.7668559551239,0.8165919780731201,516.7668559551239,0.8165919780731201,right-inc,right,1
Stim3_82,516.8001019954681,517.3166799545288,0.516577959060669,,,,,
Stim3_83,517.3501329421997,518.1002089977264,0.7500760555267334,518.1002089977264,0.7500760555267334,right-inc,right,1
Stim3_84,518.1333949565887,518.6334021091461,0.500007152557373,,,,,
Stim3_85,518.6666910648346,519.3167369365692,0.6500458717346191,519.3167369365692,0.6500458717346191,right-neut,right,1
Stim3_86,519.3500361442566,519.8544211387634,0.5043849945068359,,,,,
Stim3_87,519.8877379894257,520.4168691635132,0.5291311740875244,520.4168691635132,0.5291311740875244,right-neut,right,1
Stim3_88,520.4500341415405,520.9500889778137,0.5000548362731934,,,,,
Stim3_89,520.9834859371185,521.766900062561,0.7834141254425049,521.766900062561,0.7834141254425049,right-inc,right,1
Stim3_90,521.8000950813293,522.3044691085815,0.5043740272521973,,,,,
Stim3_91,522.3377380371094,523.000116109848,0.6623780727386475,523.000116109848,0.6623780727386475,right-con,right,1
Stim3_92,523.0336389541626,523.5501761436462,0.5165371894836426,,,,,
Stim3_93,523.5837140083313,524.2878029346466,0.7040889263153076,524.2878029346466,0.7040889263153076,left-neut,left,1
Stim3_94,524.3211469650269,524.8335149288177,0.5123679637908936,,,,,
Stim3_95,524.8669500350952,525.5836229324341,0.7166728973388672,525.5836229324341,0.7166728973388672,right-inc,right,1
Stim3_96,525.6168019771576,526.1168451309204,0.5000431537628174,,,,,
Stim3_97,526.1501591205597,526.6878070831299,0.5376479625701904,526.6878070831299,0.5376479625701904,left-neut,left,1
Stim3_98,526.7211599349976,527.2335340976715,0.5123741626739502,,,,,
Stim3_99,527.2668120861053,527.8501329421997,0.5833208560943604,527.8501329421997,0.5833208560943604,left-con,left,1
Stim3_100,527.8836181163788,528.4002180099487,0.5165998935699463,,,,,
Stim3_101,528.4334599971771,529.0209169387817,0.5874569416046143,529.0209169387817,0.5874569416046143,left-con,left,1
Stim3_102,529.0548009872437,529.5669441223145,0.5121431350708008,,,,,
Stim3_103,529.6006000041962,530.2503559589386,0.6497559547424316,530.2503559589386,0.6497559547424316,right-inc,right,1
Stim3_104,530.2835719585419,530.783714056015,0.5001420974731445,,,,,
Stim3_105,530.8168389797211,531.6003551483154,0.7835161685943604,531.6003551483154,0.7835161685943604,left-neut,left,1
Stim3_106,531.6335530281067,532.1335649490356,0.5000119209289551,,,,,
Stim3_107,532.1668779850006,532.9835760593414,0.8166980743408203,532.9835760593414,0.8166980743408203,left-neut,left,1
Stim3_108,533.0170700550079,533.5215711593628,0.5045011043548584,,,,,
Stim3_109,533.5504040718079,534.2337160110474,0.683311939239502,534.2337160110474,0.683311939239502,left-inc,left,1
Stim3_110,534.2669031620026,534.7669370174408,0.5000338554382324,,,,,
Stim3_111,534.8002209663391,535.4879860877991,0.6877651214599609,535.4879860877991,0.6877651214599609,right-neut,right,1
Stim3_112,535.5212941169739,536.0336260795593,0.5123319625854492,,,,,
Stim3_113,536.0670900344849,536.75040102005,0.6833109855651855,536.75040102005,0.6833109855651855,right-inc,right,1
Stim3_114,536.7835919857025,537.2836239337921,0.5000319480895996,,,,,
Stim3_115,537.3169519901276,537.8379809856415,0.521028995513916,537.8379809856415,0.521028995513916,right-neut,right,1
Stim3_116,537.8713359832764,538.3836500644684,0.5123140811920166,,,,,
Stim3_117,538.416965007782,539.0169401168823,0.5999751091003418,539.0169401168823,0.5999751091003418,right-neut,right,1
Stim3_118,539.0502989292145,539.5503330230713,0.5000340938568115,,,,,
Stim3_119,539.5837709903717,540.3171479701996,0.7333769798278809,540.3171479701996,0.7333769798278809,right-inc,right,1
Stim3_120,540.3503460884094,540.8505420684814,0.5001959800720215,,,,,
Stim3_121,540.8836081027985,541.5171761512756,0.6335680484771729,541.5171761512756,0.6335680484771729,left-neut,left,1
Stim3_122,541.550311088562,542.0547270774841,0.5044159889221191,,,,,
Stim3_123,542.0880761146545,542.6337080001831,0.5456318855285645,542.6337080001831,0.5456318855285645,right-neut,right,1
Stim3_124,542.6670279502869,543.1670470237732,0.5000190734863281,,,,,
Stim3_125,543.2003381252289,543.7503550052643,0.5500168800354004,543.7503550052643,0.5500168800354004,left-neut,left,1
Stim3_126,543.7836899757385,544.2882039546967,0.5045139789581299,,,,,
Stim3_127,544.3213760852814,544.8837151527405,0.5623390674591064,544.8837151527405,0.5623390674591064,right-neut,right,1
Stim3_128,544.9170761108398,545.4171011447906,0.5000250339508057,,,,,
Stim3_129,545.4503509998322,546.1170451641083,0.666694164276123,546.1170451641083,0.666694164276123,right-con,right,1
Stim3_130,546.1504030227661,546.6550431251526,0.5046401023864746,,,,,
Stim3_131,546.6880481243134,547.200394153595,0.5123460292816162,547.200394153595,0.5123460292816162,right-con,right,1
Stim3_132,547.23375415802,547.7337930202484,0.5000388622283936,,,,,
Stim3_133,547.7670769691467,548.5504159927368,0.7833390235900879,548.5504159927368,0.7833390235900879,left-con,left,1
Stim3_134,548.583790063858,549.0842339992523,0.5004439353942871,,,,,
Stim3_135,549.1170561313629,549.6838340759277,0.5667779445648193,549.6838340759277,0.5667779445648193,left-con,left,1
Stim3_136,549.7171061038971,550.2171339988708,0.5000278949737549,,,,,
Stim3_137,550.2505950927734,551.1051700115204,0.8545749187469482,551.1051700115204,0.8545749187469482,left-inc,left,1
Stim3_138,551.1379399299622,551.6505060195923,0.512566089630127,,,,,
Stim3_139,551.6839480400085,552.4673180580139,0.7833700180053711,552.4673180580139,0.7833700180053711,left-inc,left,1
Stim3_140,552.5006639957428,553.0171880722046,0.516524076461792,,,,,
Stim3_141,553.0507781505585,553.7173049449921,0.6665267944335938,553.7173049449921,0.6665267944335938,right-neut,right,1
Stim3_142,553.7505040168762,554.2505071163177,0.5000030994415283,,,,,
Stim3_143,554.2837870121002,554.8005011081696,0.5167140960693359,554.8005011081696,0.5167140960693359,left-con,left,1
Stim3_144,554.8338530063629,555.3380200862885,0.5041670799255371,,,,,
Stim3_145,555.3717410564423,555.9175479412079,0.545806884765625,555.9175479412079,0.545806884765625,right-inc,right,1
Stim3_146,555.9505519866943,556.4505641460419,0.5000121593475342,,,,,
Stim3_147,556.4839870929718,557.0171880722046,0.5332009792327881,557.0171880722046,0.5332009792327881,left-con,left,1
Stim3_148,557.0505321025848,557.5551280975342,0.5045959949493408,,,,,
Stim3_149,557.5882451534271,558.4005661010742,0.8123209476470947,558.4005661010742,0.8123209476470947,left-neut,left,1
Stim3_150,558.4339179992676,558.9339420795441,0.5000240802764893,,,,,
Stim3_151,558.9675581455231,559.7174201011658,0.7498619556427002,559.7174201011658,0.7498619556427002,right-inc,right,1
Stim3_152,559.7507350444794,560.2673299312592,0.5165948867797852,,,,,
Stim3_153,560.3007640838623,560.867406129837,0.5666420459747314,560.867406129837,0.5666420459747314,right-con,right,1
Stim3_154,560.9006111621857,561.4006471633911,0.5000360012054443,,,,,
Stim3_155,561.4339170455933,561.9006171226501,0.46670007705688477,561.9006171226501,0.46670007705688477,right-neut,right,1
Stim3_156,561.9341089725494,562.4506220817566,0.5165131092071533,,,,,
Stim3_157,562.4839141368866,562.9672751426697,0.48336100578308105,562.9672751426697,0.48336100578308105,right-con,right,1
Stim3_158,563.0006220340729,563.5006229877472,0.5000009536743164,,,,,
Stim3_159,563.5340909957886,564.2387411594391,0.7046501636505127,564.2387411594391,0.7046501636505127,left-inc,left,1
Stim3_160,564.2718739509583,564.7839860916138,0.5121121406555176,,,,,
Stim3_161,564.817321062088,565.2839879989624,0.46666693687438965,565.2839879989624,0.46666693687438965,right-neut,right,1
Stim3_162,565.3173010349274,565.8173789978027,0.5000779628753662,,,,,
Stim3_163,565.85093998909,566.3673360347748,0.5163960456848145,566.3673360347748,0.5163960456848145,right-neut,right,1
Stim3_164,566.4008159637451,566.9052419662476,0.5044260025024414,,,,,
Stim3_165,566.9386019706726,567.684201002121,0.7455990314483643,567.684201002121,0.7455990314483643,right-inc,right,1
Stim3_166,567.7173850536346,568.2340791225433,0.5166940689086914,,,,,
Stim3_167,568.2673461437225,568.9220449924469,0.6546988487243652,568.9220449924469,0.6546988487243652,left-con,left,1
Stim3_168,568.9552540779114,569.4675390720367,0.5122849941253662,,,,,
Stim3_169,569.5008580684662,570.1342351436615,0.6333770751953125,570.1342351436615,0.6333770751953125,right-inc,right,1
Stim3_170,570.1674189567566,570.6674320697784,0.5000131130218506,,,,,
Stim3_171,570.7007160186768,571.2217540740967,0.5210380554199219,571.2217540740967,0.5210380554199219,left-neut,left,1
Stim3_172,571.2550971508026,571.7676019668579,0.5125048160552979,,,,,
Stim3_173,571.8007521629333,572.3174259662628,0.5166738033294678,572.3174259662628,0.5166738033294678,right-con,right,1
Stim3_174,572.3507709503174,572.8508050441742,0.5000340938568115,,,,,
Stim3_175,572.884094953537,573.4052259922028,0.5211310386657715,573.4052259922028,0.5211310386657715,left-neut,left,1
Stim3_176,573.4384729862213,573.950798034668,0.5123250484466553,,,,,
Stim3_177,573.9841101169586,574.4341011047363,0.44999098777770996,574.4341011047363,0.44999098777770996,right-neut,right,1
Stim3_178,574.4674260616302,574.9675040245056,0.5000779628753662,,,,,
Stim3_179,575.0007910728455,575.5009779930115,0.5001869201660156,575.5009779930115,0.5001869201660156,right-neut,right,1
Stim3_180,575.5385010242462,576.0508370399475,0.512336015701294,,,,,
Stim3_181,576.0841600894928,576.6674830913544,0.5833230018615723,576.6674830913544,0.5833230018615723,left-neut,left,1
Stim3_182,576.7008399963379,577.2008471488953,0.500007152557373,,,,,
Stim3_183,577.2343349456787,577.8889260292053,0.6545910835266113,577.8889260292053,0.6545910835266113,right-inc,right,1
Stim3_184,577.9220311641693,578.4342300891876,0.5121989250183105,,,,,
Stim3_185,578.4676620960236,579.2676570415497,0.799994945526123,579.2676570415497,0.799994945526123,left-inc,left,1
Stim3_186,579.3008329868317,579.8008720874786,0.5000391006469727,,,,,
Stim3_187,579.8343241214752,580.5843710899353,0.750046968460083,580.5843710899353,0.750046968460083,right-inc,right,1
Stim3_188,580.6175291538239,581.117681980133,0.5001528263092041,,,,,
Stim3_189,581.1510510444641,582.0010211467743,0.8499701023101807,582.0010211467743,0.8499701023101807,left-inc,left,1
Stim3_190,582.0342309474945,582.538605928421,0.5043749809265137,,,,,
Stim3_191,582.5722990036011,583.2677471637726,0.6954481601715088,583.2677471637726,0.6954481601715088,right-inc,right,1
Stim3_192,583.3011300563812,583.8176410198212,0.5165109634399414,,,,,
Stim3_193,583.8508720397949,584.3843071460724,0.5334351062774658,584.3843071460724,0.5334351062774658,left-neut,left,1
Stim3_194,584.4217031002045,584.9342761039734,0.5125730037689209,,,,,
Stim3_195,584.9677391052246,585.6344239711761,0.6666848659515381,585.6344239711761,0.6666848659515381,right-inc,right,1
Stim3_196,585.6677191257477,586.1677889823914,0.5000698566436768,,,,,
Stim3_197,586.2010970115662,586.8889560699463,0.687859058380127,586.8889560699463,0.687859058380127,left-inc,left,1
Stim3_198,586.9221379756927,587.4343030452728,0.5121650695800781,,,,,
Stim3_199,587.4675569534302,588.1842629909515,0.7167060375213623,588.1842629909515,0.7167060375213623,left-con,left,1
Stim3_200,588.2176730632782,588.734307050705,0.5166339874267578,,,,,
Stim3_201,588.7676270008087,589.3009610176086,0.5333340167999268,589.3009610176086,0.5333340167999268,left-neut,left,1
Stim3_202,589.3342990875244,589.8343479633331,0.5000488758087158,,,,,
Stim3_203,589.8678741455078,590.7011239528656,0.8332498073577881,590.7011239528656,0.8332498073577881,left-inc,left,1
Stim3_204,590.7343239784241,591.2388110160828,0.5044870376586914,,,,,
Stim3_205,591.2723400592804,591.9344880580902,0.6621479988098145,591.9344880580902,0.6621479988098145,left-inc,left,1
Stim3_206,591.9676909446716,592.4678640365601,0.5001730918884277,,,,,
Stim3_207,592.5011870861053,593.1844611167908,0.6832740306854248,593.1844611167908,0.6832740306854248,right-inc,right,1
Stim3_208,593.2176959514618,593.7177340984344,0.5000381469726562,,,,,
Stim3_209,593.7511839866638,594.5012021064758,0.7500181198120117,594.5012021064758,0.7500181198120117,right-inc,right,1
Stim3_210,594.5343959331512,595.0344130992889,0.5000171661376953,,,,,
Stim3_211,595.067880153656,596.8679480552673,1.8000679016113281,596.8679480552673,1.8000679016113281,left-inc,left,1
Stim3_212,596.9011580944061,597.4177899360657,0.5166318416595459,,,,,
Stim3_213,597.4510490894318,598.1845710277557,0.7335219383239746,598.1845710277557,0.7335219383239746,left-con,left,1
Stim3_214,598.2177541255951,598.7177910804749,0.5000369548797607,,,,,
Stim3_215,598.7510931491852,599.4177680015564,0.6666748523712158,599.4177680015564,0.6666748523712158,right-neut,right,1
Stim3_216,599.4510951042175,599.955470085144,0.5043749809265137,,,,,
Stim3_217,599.9887630939484,600.567929983139,0.5791668891906738,600.567929983139,0.5791668891906738,right-con,right,1
Stim3_218,600.6011409759521,601.10116314888,0.5000221729278564,,,,,
Stim3_219,601.13454413414,601.6511340141296,0.516589879989624,601.6511340141296,0.516589879989624,right-con,right,1
Stim3_220,601.684492111206,602.1889009475708,0.5044088363647461,,,,,
Stim3_221,602.222293138504,602.9844689369202,0.7621757984161377,602.9844689369202,0.7621757984161377,left-con,left,1
Stim3_222,603.0178310871124,603.5178689956665,0.5000379085540771,,,,,
Stim3_223,603.5513100624084,604.5892109870911,1.0379009246826172,604.5892109870911,1.0379009246826172,left-inc,left,1
Stim3_224,604.6223969459534,605.1345629692078,0.5121660232543945,,,,,
Stim3_225,605.1678540706635,605.8012390136719,0.6333849430084229,605.8012390136719,0.6333849430084229,right-neut,right,1
Stim3_226,605.8345811367035,606.3345830440521,0.5000019073486328,,,,,
Stim3_227,606.36785197258,607.0058040618896,0.6379520893096924,607.0058040618896,0.6379520893096924,left-con,left,1
Stim3_228,607.0347249507904,607.5512759685516,0.5165510177612305,,,,,
Stim3_229,607.5846991539001,608.2512300014496,0.6665308475494385,608.2512300014496,0.6665308475494385,right-neut,right,1
Stim3_230,608.284567117691,608.7845849990845,0.5000178813934326,,,,,
Stim3_231,608.8221981525421,609.551383972168,0.7291858196258545,609.551383972168,0.7291858196258545,left-inc,left,1
Stim3_232,609.5845971107483,610.0845971107483,0.5,,,,,
Stim3_233,610.1180319786072,610.6679520606995,0.5499200820922852,610.6679520606995,0.5499200820922852,right-neut,right,1
Stim3_234,610.7012591362,611.205677986145,0.5044188499450684,,,,,
Stim3_235,611.2391619682312,611.7513279914856,0.5121660232543945,611.7513279914856,0.5121660232543945,left-con,left,1
Stim3_236,611.7846360206604,612.3013300895691,0.5166940689086914,,,,,
Stim3_237,612.3346490859985,612.9679839611053,0.6333348751068115,612.9679839611053,0.6333348751068115,left-neut,left,1
Stim3_238,613.0012850761414,613.505707025528,0.5044219493865967,,,,,
Stim3_239,613.5391490459442,614.2681031227112,0.7289540767669678,614.2681031227112,0.7289540767669678,left-inc,left,1
Stim3_0,614.3012690544128,614.8014950752258,0.5002260208129883,,,,,
FlankerEnd_0,614.8354420661926,619.3507919311523,4.515349864959717,619.3507919311523,4.515349864959717,,space,
